{
  "AD_QHD": {
    "mean": 0.002582049721164752,
    "std": 0.01768113310780132
  },
  "AD_QHD_by_hop": {
    "2": {
      "mean": 0.002582049721164752,
      "std": 0.01768113310780132,
      "count": 500
    }
  },
  "AD_QSA": {
    "mean": 0.40454409831203475,
    "std": 0.2653819996052352
  },
  "AD_QSA_by_hop": {
    "2": {
      "mean": 0.40454409831203475,
      "std": 0.2653819996052352,
      "count": 500
    }
  },
  "AD_CRD": {
    "mean": 0.2911590592414121,
    "std": 0.2409333130374277
  },
  "AD_CRD_by_hop": {
    "2": {
      "mean": 0.2911590592414121,
      "std": 0.2409333130374277,
      "count": 500
    }
  }
}