{
  "AD_QHD": {
    "mean": 0.03046616756497023,
    "std": 0.07331227557191991
  },
  "AD_QHD_by_hop": {
    "3": {
      "mean": 0.03046616756497023,
      "std": 0.07331227557191991,
      "count": 100
    }
  },
  "AD_QSA": {
    "mean": 0.08455181464552887,
    "std": 0.09794450596713232
  },
  "AD_QSA_by_hop": {
    "3": {
      "mean": 0.08455181464552887,
      "std": 0.09794450596713232,
      "count": 100
    }
  },
  "AD_CRD": {
    "mean": 0.07620227811404282,
    "std": 0.12834419138804679
  },
  "AD_CRD_by_hop": {
    "3": {
      "mean": 0.07620227811404282,
      "std": 0.12834419138804679,
      "count": 100
    }
  }
}