{
  "AD_QHD": {
    "mean": 0.04438516210853707,
    "std": 0.07910114684592522
  },
  "AD_QHD_by_hop": {
    "4": {
      "mean": 0.04438516210853707,
      "std": 0.07910114684592522,
      "count": 100
    }
  },
  "AD_QSA": {
    "mean": 0.07816813704371445,
    "std": 0.10492486613495955
  },
  "AD_QSA_by_hop": {
    "4": {
      "mean": 0.07816813704371445,
      "std": 0.10492486613495955,
      "count": 100
    }
  },
  "AD_CRD": {
    "mean": 0.09587649338965129,
    "std": 0.15357707435335577
  },
  "AD_CRD_by_hop": {
    "4": {
      "mean": 0.09587649338965129,
      "std": 0.15357707435335577,
      "count": 100
    }
  }
}