{
  "AD_QHD": {
    "mean": 0.040470877493157,
    "std": 0.12027955804561574
  },
  "AD_QHD_by_hop": {
    "2": {
      "mean": 0.040470877493157,
      "std": 0.12027955804561574,
      "count": 100
    }
  },
  "AD_QSA": {
    "mean": 0.15580025516450385,
    "std": 0.17526803693463006
  },
  "AD_QSA_by_hop": {
    "2": {
      "mean": 0.15580025516450385,
      "std": 0.17526803693463006,
      "count": 100
    }
  },
  "AD_CRD": {
    "mean": 0.16986363636363636,
    "std": 0.2128912295509217
  },
  "AD_CRD_by_hop": {
    "2": {
      "mean": 0.16986363636363636,
      "std": 0.2128912295509217,
      "count": 100
    }
  }
}