{
  "AD_QHD": {
    "mean": 0.057301322986258514,
    "std": 0.10276959498370099
  },
  "AD_QHD_by_hop": {
    "4": {
      "mean": 0.057301322986258514,
      "std": 0.10276959498370099,
      "count": 100
    }
  },
  "AD_QSA": {
    "mean": 0.04382616548147049,
    "std": 0.05075198539840242
  },
  "AD_QSA_by_hop": {
    "4": {
      "mean": 0.04382616548147049,
      "std": 0.05075198539840242,
      "count": 100
    }
  },
  "AD_CRD": {
    "mean": 0.08351399984604319,
    "std": 0.11765104721344652
  },
  "AD_CRD_by_hop": {
    "4": {
      "mean": 0.08351399984604319,
      "std": 0.11765104721344652,
      "count": 100
    }
  }
}