{
  "AD_QHD": {
    "mean": 0.04155421419353393,
    "std": 0.08666634562966836
  },
  "AD_QHD_by_hop": {
    "3": {
      "mean": 0.04155421419353393,
      "std": 0.08666634562966836,
      "count": 100
    }
  },
  "AD_QSA": {
    "mean": 0.11628679689764963,
    "std": 0.13735535326422565
  },
  "AD_QSA_by_hop": {
    "3": {
      "mean": 0.11628679689764963,
      "std": 0.13735535326422565,
      "count": 100
    }
  },
  "AD_CRD": {
    "mean": 0.11810068607862727,
    "std": 0.1468747413607141
  },
  "AD_CRD_by_hop": {
    "3": {
      "mean": 0.11810068607862727,
      "std": 0.1468747413607141,
      "count": 100
    }
  }
}